[
  {
    "rental_id": 2001,
    "customer_id": "C001",
    "vehicle_id": "V100",
    "start_date": "2024-01-05",
    "end_date": "2024-01-08",
    "city": "São Paulo",
    "daily_rate": 180,
    "distance_km": 320
  },
  {
    "rental_id": 2002,
    "customer_id": "C002",
    "vehicle_id": "V101",
    "start_date": "2024/01/10",
    "end_date": "2024/01/12",
    "city": "Curitiba",
    "daily_rate": "150",
    "distance_km": 210
  },
  {
    "rental_id": 2003,
    "customer_id": "C003",
    "vehicle_id": "V102",
    "start_date": "invalid_date",
    "end_date": "2024-01-15",
    "city": "Salvador",
    "daily_rate": 220,
    "distance_km": 0
  },
  {
    "rental_id": 2004,
    "customer_id": "C004",
    "vehicle_id": "V103",
    "start_date": "2024-02-01",
    "end_date": "2024-02-10",
    "city": "São Paulo",
    "daily_rate": 300,
    "distance_km": 980
  },
  {
    "rental_id": 2005,
    "customer_id": "C001",
    "vehicle_id": "V104",
    "start_date": "2024-02-15",
    "end_date": "2024-02-16",
    "city": "Rio de Janeiro",
    "daily_rate": -100,
    "distance_km": 120
  }
]
